{"cameraMode":{"drawMode":0,"name":"Shaded","section":"Shading Mode"},"sceneLighting":true,"audioPlay":false,"sceneViewState":{"m_AlwaysRefresh":false,"showFog":true,"showSkybox":true,"showFlares":true,"showImageEffects":true,"showParticleSystems":true,"showVisualEffectGraphs":true,"m_FxEnabled":true},"in2DMode":false,"pivot":{"x":4.833207130432129,"y":1.5458112955093384,"z":0.16077232360839845},"rotation":{"x":0.034274086356163028,"y":0.9572430849075317,"z":-0.12739625573158265,"w":0.25751999020576479},"size":1.0216867923736573,"orthographic":false}