{"cameraMode":{"drawMode":0,"name":"Shaded","section":"Shading Mode"},"sceneLighting":true,"audioPlay":false,"sceneViewState":{"m_AlwaysRefresh":false,"showFog":true,"showSkybox":true,"showFlares":true,"showImageEffects":true,"showParticleSystems":true,"showVisualEffectGraphs":true,"m_FxEnabled":true},"in2DMode":false,"pivot":{"x":4.407407283782959,"y":1.5337623357772828,"z":1.3822637796401978},"rotation":{"x":-0.0009042795863933861,"y":0.9988416433334351,"z":0.02066946215927601,"w":0.043778080493211749},"size":0.7072872519493103,"orthographic":false}