{"cameraMode":{"drawMode":0,"name":"Shaded","section":"Shading Mode"},"sceneLighting":false,"audioPlay":false,"sceneViewState":{"m_AlwaysRefresh":false,"showFog":false,"showSkybox":false,"showFlares":false,"showImageEffects":false,"showParticleSystems":false,"showVisualEffectGraphs":true,"m_FxEnabled":true},"in2DMode":false,"pivot":{"x":0.07954555749893189,"y":0.8191319704055786,"z":0.07925964891910553},"rotation":{"x":-0.03437638655304909,"y":0.9498976469039917,"z":-0.28948211669921877,"w":-0.11280286312103272},"size":1.1179944276809693,"orthographic":false}